{"cameraMode":{"drawMode":0,"name":"Shaded","section":"Shading Mode"},"sceneLighting":true,"audioPlay":false,"sceneViewState":{"showFog":true,"showMaterialUpdate":false,"showSkybox":true,"showFlares":true,"showImageEffects":true,"showParticleSystems":true},"in2DMode":false,"pivot":{"x":13.877264022827149,"y":0.9571405649185181,"z":2.763671875},"rotation":{"x":0.10261104255914688,"y":0.11611071228981018,"z":-0.012063110247254372,"w":0.9878641963005066},"size":30.53700828552246,"orthographic":true}