{"cameraMode":{"drawMode":0,"name":"Shaded","section":"Shading Mode"},"sceneLighting":false,"audioPlay":false,"sceneViewState":{"showFog":true,"showMaterialUpdate":false,"showSkybox":false,"showFlares":true,"showImageEffects":true,"showParticleSystems":true},"in2DMode":false,"pivot":{"x":11.99999713897705,"y":1.9887185096740723,"z":1.9999958276748658},"rotation":{"x":0.008998258039355278,"y":0.017998285591602327,"z":-0.00016246737504843622,"w":0.9998043179512024},"size":2.647440195083618,"orthographic":true}