{"cameraMode":{"drawMode":0,"name":"Shaded","section":"Shading Mode"},"sceneLighting":true,"audioPlay":false,"sceneViewState":{"showFog":true,"showMaterialUpdate":false,"showSkybox":true,"showFlares":true,"showImageEffects":true,"showParticleSystems":true},"in2DMode":false,"pivot":{"x":21.408239364624025,"y":-2.1080894470214845,"z":2.3818471431732179},"rotation":{"x":0.0015001805732026697,"y":0.017408428713679315,"z":0.00001845406040956732,"w":-0.9998709559440613},"size":15.444122314453125,"orthographic":true}