{"cameraMode":{"drawMode":0,"name":"Shaded","section":"Shading Mode"},"sceneLighting":true,"audioPlay":false,"sceneViewState":{"showFog":true,"showMaterialUpdate":false,"showSkybox":true,"showFlares":true,"showImageEffects":true,"showParticleSystems":true},"in2DMode":false,"pivot":{"x":20.44539451599121,"y":-0.9457594156265259,"z":2.4008865356445314},"rotation":{"x":0.10330992937088013,"y":-0.010443974286317826,"z":0.0010838436428457499,"w":0.9945963621139526},"size":20.369901657104493,"orthographic":true}