{"cameraMode":{"drawMode":0,"name":"Shaded","section":"Shading Mode"},"sceneLighting":true,"audioPlay":false,"sceneViewState":{"showFog":true,"showMaterialUpdate":false,"showSkybox":true,"showFlares":true,"showImageEffects":true,"showParticleSystems":true},"in2DMode":false,"pivot":{"x":-1.0398706197738648,"y":-7.326830863952637,"z":12.69091796875},"rotation":{"x":0.17088009417057038,"y":0.04432240501046181,"z":-0.007693335879594088,"w":0.9842690229415894},"size":9.488152503967286,"orthographic":true}