{"cameraMode":{"drawMode":0,"name":"Shaded","section":"Shading Mode"},"sceneLighting":true,"audioPlay":false,"sceneViewState":{"showFog":true,"showMaterialUpdate":false,"showSkybox":true,"showFlares":true,"showImageEffects":true,"showParticleSystems":true},"in2DMode":false,"pivot":{"x":-0.020415127277374269,"y":-3.208221912384033,"z":2.4928860664367677},"rotation":{"x":0.23134279251098634,"y":-0.3970755934715271,"z":0.10413911193609238,"w":0.882042646408081},"size":4.076542377471924,"orthographic":true}