{"cameraMode":{"drawMode":0,"name":"Shaded","section":"Shading Mode"},"sceneLighting":true,"audioPlay":false,"sceneViewState":{"showFog":true,"showMaterialUpdate":false,"showSkybox":true,"showFlares":true,"showImageEffects":true,"showParticleSystems":true},"in2DMode":false,"pivot":{"x":30.0,"y":-2.7293777465820314,"z":2.951371908187866},"rotation":{"x":0.06414923071861267,"y":0.09714325517416,"z":-0.006274467799812555,"w":0.9931815266609192},"size":9.329744338989258,"orthographic":true}