{"cameraMode":{"drawMode":0,"name":"Shaded","section":"Shading Mode"},"sceneLighting":false,"audioPlay":false,"sceneViewState":{"showFog":true,"showMaterialUpdate":false,"showSkybox":false,"showFlares":true,"showImageEffects":true,"showParticleSystems":true},"in2DMode":false,"pivot":{"x":10.000014305114746,"y":2.0327138900756838,"z":3.0002896785736086},"rotation":{"x":0.10330992937088013,"y":-0.010443974286317826,"z":0.0010838436428457499,"w":0.9945963621139526},"size":2.7891430854797365,"orthographic":true}