{"cameraMode":{"drawMode":0,"name":"Shaded","section":"Shading Mode"},"sceneLighting":false,"audioPlay":false,"sceneViewState":{"showFog":true,"showMaterialUpdate":false,"showSkybox":false,"showFlares":true,"showImageEffects":true,"showParticleSystems":true},"in2DMode":false,"pivot":{"x":10.999995231628418,"y":1.9887185096740723,"z":2.00000262260437},"rotation":{"x":0.051400747150182727,"y":0.37544459104537966,"z":-0.020858122035861017,"w":0.9251869320869446},"size":2.5965797901153566,"orthographic":true}