{"cameraMode":{"drawMode":0,"name":"Shaded","section":"Shading Mode"},"sceneLighting":true,"audioPlay":false,"sceneViewState":{"showFog":true,"showMaterialUpdate":false,"showSkybox":true,"showFlares":true,"showImageEffects":true,"showParticleSystems":true},"in2DMode":false,"pivot":{"x":18.346981048583986,"y":-3.450000047683716,"z":2.5},"rotation":{"x":-0.019494153559207917,"y":0.021902920678257943,"z":-0.00043066873331554234,"w":-0.9995908141136169},"size":28.152870178222658,"orthographic":true}