{"cameraMode":{"drawMode":0,"name":"Shaded","section":"Shading Mode"},"sceneLighting":false,"audioPlay":false,"sceneViewState":{"showFog":true,"showMaterialUpdate":false,"showSkybox":false,"showFlares":true,"showImageEffects":true,"showParticleSystems":true},"in2DMode":false,"pivot":{"x":165.0,"y":1.0000009536743165,"z":-0.4999998211860657},"rotation":{"x":0.08826328814029694,"y":0.18799738585948945,"z":-0.016964994370937349,"w":0.9780591726303101},"size":18.740400314331056,"orthographic":true}