{"cameraMode":{"drawMode":0,"name":"Shaded","section":"Shading Mode"},"sceneLighting":true,"audioPlay":false,"sceneViewState":{"showFog":true,"showMaterialUpdate":false,"showSkybox":true,"showFlares":true,"showImageEffects":true,"showParticleSystems":true},"in2DMode":false,"pivot":{"x":22.350677490234376,"y":-9.10157585144043,"z":10.071744918823243},"rotation":{"x":0.17088009417057038,"y":0.04432240501046181,"z":-0.007693335879594088,"w":0.9842690229415894},"size":33.976295471191409,"orthographic":true}