{"cameraMode":{"drawMode":0,"name":"Shaded","section":"Shading Mode"},"sceneLighting":false,"audioPlay":false,"sceneViewState":{"showFog":true,"showMaterialUpdate":false,"showSkybox":false,"showFlares":true,"showImageEffects":true,"showParticleSystems":true},"in2DMode":false,"pivot":{"x":19.109683990478517,"y":-3.868955373764038,"z":2.250575542449951},"rotation":{"x":0.11166412383317948,"y":0.004471965599805117,"z":-0.0005017502116970718,"w":0.9937423467636108},"size":2.8578836917877199,"orthographic":true}