{"cameraMode":{"drawMode":0,"name":"Shaded","section":"Shading Mode"},"sceneLighting":true,"audioPlay":false,"sceneViewState":{"showFog":true,"showMaterialUpdate":false,"showSkybox":true,"showFlares":true,"showImageEffects":true,"showParticleSystems":true},"in2DMode":false,"pivot":{"x":9.436187744140625,"y":-1.0666316747665406,"z":4.353693962097168},"rotation":{"x":-0.00032210821518674493,"y":-0.9996870756149292,"z":-0.01749657467007637,"w":0.018292205408215524},"size":8.096405982971192,"orthographic":true}