{"cameraMode":{"drawMode":0,"name":"Shaded","section":"Shading Mode"},"sceneLighting":true,"audioPlay":false,"sceneViewState":{"showFog":true,"showMaterialUpdate":false,"showSkybox":true,"showFlares":true,"showImageEffects":true,"showParticleSystems":true},"in2DMode":false,"pivot":{"x":2.2649033069610597,"y":-3.289954662322998,"z":4.255504131317139},"rotation":{"x":0.14627254009246827,"y":-0.05191060155630112,"z":0.007683712989091873,"w":0.9878677129745483},"size":14.941262245178223,"orthographic":true}