{"cameraMode":{"drawMode":0,"name":"Shaded","section":"Shading Mode"},"sceneLighting":true,"audioPlay":false,"sceneViewState":{"showFog":true,"showMaterialUpdate":false,"showSkybox":true,"showFlares":true,"showImageEffects":true,"showParticleSystems":true},"in2DMode":false,"pivot":{"x":14.22271728515625,"y":1.2172448635101319,"z":1.548384666442871},"rotation":{"x":-0.029093559831380845,"y":0.017991576343774797,"z":0.000523969647474587,"w":0.9994187355041504},"size":32.16400146484375,"orthographic":true}