{"cameraMode":{"drawMode":0,"name":"Shaded","section":"Shading Mode"},"sceneLighting":true,"audioPlay":false,"sceneViewState":{"showFog":true,"showMaterialUpdate":false,"showSkybox":true,"showFlares":true,"showImageEffects":true,"showParticleSystems":true},"in2DMode":false,"pivot":{"x":58.718711853027347,"y":-5.2529706954956059,"z":4.323555946350098},"rotation":{"x":0.01944863237440586,"y":0.07192467153072357,"z":-0.001403755391947925,"w":0.9972262978553772},"size":5.539560794830322,"orthographic":true}