{"cameraMode":{"drawMode":0,"name":"Shaded","section":"Shading Mode"},"sceneLighting":true,"audioPlay":false,"sceneViewState":{"showFog":true,"showMaterialUpdate":false,"showSkybox":true,"showFlares":true,"showImageEffects":true,"showParticleSystems":true},"in2DMode":false,"pivot":{"x":135.4836883544922,"y":-1.8775975704193116,"z":3.8610432147979738},"rotation":{"x":0.014977592043578625,"y":0.05396765470504761,"z":-0.0008095884695649147,"w":0.9984304904937744},"size":18.690128326416017,"orthographic":true}