{"cameraMode":{"drawMode":0,"name":"Shaded","section":"Shading Mode"},"sceneLighting":true,"audioPlay":false,"sceneViewState":{"showFog":true,"showMaterialUpdate":false,"showSkybox":true,"showFlares":true,"showImageEffects":true,"showParticleSystems":true},"in2DMode":false,"pivot":{"x":11.802292823791504,"y":-2.0621438026428224,"z":-0.24952475726604463},"rotation":{"x":0.04647449031472206,"y":-0.019477732479572297,"z":0.0009064021869562566,"w":0.9987298846244812},"size":7.68548583984375,"orthographic":true}